-- MariaDB dump 10.17  Distrib 10.4.14-MariaDB, for Win64 (AMD64)
--
-- Host: localhost    Database: db-silsilah-v1
-- ------------------------------------------------------
-- Server version	10.4.14-MariaDB

/*!40101 SET @OLD_CHARACTER_SET_CLIENT=@@CHARACTER_SET_CLIENT */;
/*!40101 SET @OLD_CHARACTER_SET_RESULTS=@@CHARACTER_SET_RESULTS */;
/*!40101 SET @OLD_COLLATION_CONNECTION=@@COLLATION_CONNECTION */;
/*!40101 SET NAMES utf8mb4 */;
/*!40103 SET @OLD_TIME_ZONE=@@TIME_ZONE */;
/*!40103 SET TIME_ZONE='+00:00' */;
/*!40014 SET @OLD_UNIQUE_CHECKS=@@UNIQUE_CHECKS, UNIQUE_CHECKS=0 */;
/*!40014 SET @OLD_FOREIGN_KEY_CHECKS=@@FOREIGN_KEY_CHECKS, FOREIGN_KEY_CHECKS=0 */;
/*!40101 SET @OLD_SQL_MODE=@@SQL_MODE, SQL_MODE='NO_AUTO_VALUE_ON_ZERO' */;
/*!40111 SET @OLD_SQL_NOTES=@@SQL_NOTES, SQL_NOTES=0 */;

--
-- Table structure for table `marriage`
--

DROP TABLE IF EXISTS `marriage`;
/*!40101 SET @saved_cs_client     = @@character_set_client */;
/*!40101 SET character_set_client = utf8 */;
CREATE TABLE `marriage` (
  `id` varchar(50) NOT NULL,
  `husband_id` varchar(50) NOT NULL,
  `wife_id` varchar(50) NOT NULL,
  `mrg_place` varchar(100) DEFAULT NULL,
  `mrg_date` date DEFAULT NULL,
  `ext1` varchar(100) NOT NULL,
  PRIMARY KEY (`id`)
) ENGINE=InnoDB DEFAULT CHARSET=utf8;
/*!40101 SET character_set_client = @saved_cs_client */;

--
-- Dumping data for table `marriage`
--

LOCK TABLES `marriage` WRITE;
/*!40000 ALTER TABLE `marriage` DISABLE KEYS */;
INSERT INTO `marriage` VALUES ('5f96641675483','pp','mm',NULL,NULL,''),('5f9670f384e46','herman','ruth',NULL,NULL,''),('5f96712f2a5a3','fiki','dian',NULL,NULL,''),('5f96c7ae5ced3','opa-mm','oma-mm',NULL,NULL,''),('5f96ce98eb9ab','opa-pp','oma-pp',NULL,NULL,''),('5f978b420f1ca','mm-pp-opa','mm-mm-opa',NULL,NULL,''),('5f978dbb46182','mm-eli','mm-wasti',NULL,NULL,''),('5f978ee81a3a5','mm-eson','mm-eson-w1',NULL,NULL,''),('5f978fcc3b1ce','mm-clara-h1','mm-clara',NULL,NULL,''),('5f982e5f5c5c8','mm-indra','mm-ida',NULL,NULL,''),('5f982ecd3a227','mm-ako','mm-pina',NULL,NULL,''),('5f982ffd913f3','mm-mul','mm-lala',NULL,NULL,''),('5f9830b089dbf','mm-kosalouw','mm-lina',NULL,NULL,''),('5f9830c0131a6','mm-evert','mm-lina',NULL,NULL,''),('5f9830ec8d031','mm-yance','mm-meti',NULL,NULL,''),('5f983125bc726','mm-iman','mm-itun',NULL,NULL,''),('5f98313ec6490','mm-amang','mm-arin',NULL,NULL,''),('5f9832274a81d','mm-amang','mm-henny',NULL,NULL,''),('5f98339befd92','mm-tanto','mm-tanti',NULL,NULL,''),('5f9835e3d4843','mm-dani','mm-rina',NULL,NULL,''),('5f98375844e44','mm-cali','mm-marice',NULL,NULL,''),('5f983b0334a59','mm-anton','mm-ning',NULL,NULL,''),('6470ab85e4868','joni','ruth',NULL,NULL,''),('6470ad6320118','mm-jan','mm-nai',NULL,NULL,''),('6470bbcebebb5','mm-dadi','mm-rinpok',NULL,NULL,''),('6470c9c4744f5','mm-opa-uyut','mm-uyut',NULL,NULL,''),('6470cb379aa14','pp-siman','pp-tati',NULL,NULL,''),('6470d2c733b56','pp-narumi','pp-bude-narumi',NULL,NULL,''),('6470d3a510924','pp-hans','pp-bude-mar',NULL,NULL,''),('6470d9a9982e1','pp-maga','pp-maga-istri','Raha','1974-07-20',''),('6470eeaa59ee6','pp-budi','pp-nita',NULL,NULL,''),('6470ef3d7424b','pp-laudi','pp-laudi-istri',NULL,NULL,''),('6470f161894c7','mm-karra','mm-neno',NULL,NULL,''),('6471057258866','pp-frans','pp-noni',NULL,NULL,''),('64710c7aa05fc','pp-rinus','pp-nina',NULL,NULL,''),('6472e61c00c3b','mm-emi-pp','mm-emi-mm',NULL,NULL,''),('6472e6afdb1d4','mm-daha','mm-emi',NULL,NULL,''),('647384458abd8','mm-tini-sm','mm-meiyanti',NULL,NULL,''),('64782c9f1a43d','mm-benny','mm-yuyun',NULL,NULL,''),('647856253f643','mm-roni','mm-tuti',NULL,NULL,''),('647856fe2f0be','mm-mono','mm-ade',NULL,NULL,''),('6478580c67df2','mm-gatot','mm-ike',NULL,NULL,''),('6478586deaf74','mm-nasril','mm-esti',NULL,NULL,'');
/*!40000 ALTER TABLE `marriage` ENABLE KEYS */;
UNLOCK TABLES;

--
-- Table structure for table `marriage_child`
--

DROP TABLE IF EXISTS `marriage_child`;
/*!40101 SET @saved_cs_client     = @@character_set_client */;
/*!40101 SET character_set_client = utf8 */;
CREATE TABLE `marriage_child` (
  `marriage_id` varchar(50) NOT NULL,
  `child_id` varchar(50) NOT NULL,
  `num` int(11) NOT NULL,
  PRIMARY KEY (`marriage_id`,`child_id`) USING BTREE
) ENGINE=InnoDB DEFAULT CHARSET=utf8;
/*!40101 SET character_set_client = @saved_cs_client */;

--
-- Dumping data for table `marriage_child`
--

LOCK TABLES `marriage_child` WRITE;
/*!40000 ALTER TABLE `marriage_child` DISABLE KEYS */;
INSERT INTO `marriage_child` VALUES ('5f96641675483','chris',1),('5f96641675483','dian',3),('5f96641675483','ruth',2),('5f9670f384e46','rahel',1),('5f96712f2a5a3','icha',2),('5f96712f2a5a3','vio',1),('5f96c7ae5ced3','mm',2),('5f96c7ae5ced3','mm-amang',6),('5f96c7ae5ced3','mm-enci',4),('5f96c7ae5ced3','mm-ida',9),('5f96c7ae5ced3','mm-iman',12),('5f96c7ae5ced3','mm-lala',5),('5f96c7ae5ced3','mm-lina',7),('5f96c7ae5ced3','mm-meti',8),('5f96c7ae5ced3','mm-nai',11),('5f96c7ae5ced3','mm-nona',1),('5f96c7ae5ced3','mm-pina',3),('5f96c7ae5ced3','mm-yuli',10),('5f96ce98eb9ab','pp',7),('5f96ce98eb9ab','pp-maga',6),('5f96ce98eb9ab','pp-marten',1),('5f96ce98eb9ab','pp-seti',2),('5f96ce98eb9ab','pp-tumi',8),('5f96ce98eb9ab','pp-uranili',3),('5f96ce98eb9ab','pp-welu',5),('5f96ce98eb9ab','pp-wenapi',4),('5f978b420f1ca','mm-amalia',2),('5f978b420f1ca','mm-clara',7),('5f978b420f1ca','mm-eli',6),('5f978b420f1ca','mm-eson',5),('5f978b420f1ca','mm-gustav',4),('5f978b420f1ca','mm-silas',1),('5f978b420f1ca','opa-mm',3),('5f978dbb46182','mm-ade',2),('5f978dbb46182','mm-caca',6),('5f978dbb46182','mm-esti',5),('5f978dbb46182','mm-ike',4),('5f978dbb46182','mm-meiyanti',7),('5f978dbb46182','mm-roni',1),('5f978dbb46182','mm-yuyun',3),('5f978ee81a3a5','mm-asti',1),('5f978ee81a3a5','mm-cali',2),('5f978ee81a3a5','mm-nita',4),('5f978ee81a3a5','mm-ronald',3),('5f978fcc3b1ce','mm-anton',4),('5f978fcc3b1ce','mm-joni',1),('5f978fcc3b1ce','mm-ros',2),('5f978fcc3b1ce','mm-tince',3),('5f982e5f5c5c8','mm-raka',3),('5f982e5f5c5c8','mm-rama',1),('5f982e5f5c5c8','mm-rima',2),('5f982ecd3a227','mm-dadi',2),('5f982ecd3a227','mm-dani',1),('5f982ecd3a227','mm-tanti',3),('5f982ffd913f3','mm-arif',2),('5f982ffd913f3','mm-ria',1),('5f9830b089dbf','mm-bernard',1),('5f9830b089dbf','mm-sisca',2),('5f9830c0131a6','mm-jerry',1),('5f9830ec8d031','mm-neno',1),('5f983125bc726','mm-bram',1),('5f98313ec6490','mm-yorin',1),('5f9832274a81d','mm-felix',1),('5f9832274a81d','mm-karin',2),('5f98339befd92','mm-adit',1),('5f98339befd92','mm-kristian',2),('5f9835e3d4843','mm-dani-haykel',1),('5f9835e3d4843','mm-dani-nadya',2),('5f98375844e44','mm-gerald',2),('5f98375844e44','mm-sisi',1),('5f983b0334a59','mm-bene',1),('5f983b0334a59','mm-geno',2),('6470ad6320118','mm-adinda',1),('6470bbcebebb5','mm-dadi-angel',3),('6470bbcebebb5','mm-dadi-bagas',1),('6470bbcebebb5','mm-dadi-randy',2),('6470c9c4744f5','mm-oma',1),('6470c9c4744f5','oma-mm',1),('6470cb379aa14','pp-bawo',1),('6470cb379aa14','pp-joi',4),('6470cb379aa14','pp-natan',3),('6470cb379aa14','pp-yardi',2),('6470d2c733b56','pp-nina',2),('6470d2c733b56','pp-nita',1),('6470d3a510924','pp-laudi',1),('6470d9a9982e1','pp-maga-agus',6),('6470d9a9982e1','pp-maga-ros',4),('6470d9a9982e1','pp-maga-sefri',2),('6470d9a9982e1','pp-maga-sil',3),('6470d9a9982e1','pp-maga-tuti',1),('6470d9a9982e1','pp-maga-yerson',5),('6470eeaa59ee6','pp-andika',1),('6470ef3d7424b','pp-lynette',1),('6472e61c00c3b','mm-emi',2),('6472e61c00c3b','mm-pilus',1),('6472e6afdb1d4','mm-mona',1),('647384458abd8','mm-christian',3),('647384458abd8','mm-dhani',1),('647384458abd8','mm-shinta',2),('64782c9f1a43d','mm-sevi',2),('64782c9f1a43d','mm-yuanti',1),('647856253f643','mm-david',2),('647856253f643','mm-silvi',1),('647856fe2f0be','mm-desiana',2),('647856fe2f0be','mm-ridho',1),('6478580c67df2','mm-meiriza',3),('6478580c67df2','mm-novandi',2),('6478580c67df2','mm-ryan',1),('6478586deaf74','mm-ola',2),('6478586deaf74','mm-tya',1);
/*!40000 ALTER TABLE `marriage_child` ENABLE KEYS */;
UNLOCK TABLES;

--
-- Table structure for table `person`
--

DROP TABLE IF EXISTS `person`;
/*!40101 SET @saved_cs_client     = @@character_set_client */;
/*!40101 SET character_set_client = utf8 */;
CREATE TABLE `person` (
  `id` varchar(50) NOT NULL,
  `name` varchar(250) NOT NULL,
  `gender` varchar(1) NOT NULL,
  `birth_date` date DEFAULT NULL,
  `birth_date_ext` varchar(20) DEFAULT NULL,
  `birth_place` varchar(200) DEFAULT NULL,
  `facebook` varchar(300) DEFAULT NULL,
  `note` varchar(500) DEFAULT NULL,
  `die_date` date DEFAULT NULL,
  `die_date_ext` varchar(20) DEFAULT NULL,
  `die_place` varchar(150) DEFAULT NULL,
  PRIMARY KEY (`id`)
) ENGINE=InnoDB DEFAULT CHARSET=utf8;
/*!40101 SET character_set_client = @saved_cs_client */;

--
-- Dumping data for table `person`
--

LOCK TABLES `person` WRITE;
/*!40000 ALTER TABLE `person` DISABLE KEYS */;
INSERT INTO `person` VALUES ('chris','Christian Abraham Lapoliwa','M','1979-12-22',NULL,'Jakarta','https://web.facebook.com/coolpie',NULL,NULL,'x-03-x',NULL),('dian','Meinarti Dian Saraswati Lapoliwa','F','1983-05-30',NULL,'Jakarta','https://web.facebook.com/mey.dian.39',NULL,NULL,NULL,NULL),('fiki','Vicky Oscar','M','1980-05-27',NULL,NULL,NULL,'fiki suami dian',NULL,NULL,NULL),('herman','Hermansyah','M','1978-09-17',NULL,'Lampung',NULL,NULL,NULL,NULL,NULL),('icha','Alanna Zahra Althafunissa (Icha)','F',NULL,NULL,'2010-03-22',NULL,NULL,NULL,NULL,NULL),('joni','Joni Sugiharto','M','1979-06-17',NULL,'Tulung Agung',NULL,'joni suami ruth\r\n\r\nanak:\r\n- kevin',NULL,NULL,NULL),('mm','Susanna Paulina Damping','F','1948-11-23',NULL,'Gorontalo','https://web.facebook.com/anna.damping','fb1: https://web.facebook.com/anna.damping\r\nfb2: https://web.facebook.com/annasusana.dampinglapoliwa',NULL,NULL,NULL),('mm-ade','Septina Damping (Ade)','F',NULL,NULL,NULL,NULL,'ade: nama panggilan',NULL,NULL,'TODO'),('mm-adinda','Adinda Terlouw','F',NULL,NULL,NULL,'https://web.facebook.com/profile.php?id=100001642734078',NULL,NULL,NULL,NULL),('mm-adit','Adhitya Satrio Wibowo Firmanto','M',NULL,NULL,NULL,'https://web.facebook.com/adhityasatriowibowo.firmanto.5','anak ke 1 tanti-tanto',NULL,NULL,NULL),('mm-ako','Soegiharto Mertoprawiro','M',NULL,NULL,NULL,NULL,'om ako - suami tante pina',NULL,NULL,'TODO'),('mm-amalia','Amalia Damping','F',NULL,NULL,NULL,NULL,'tidak menikah',NULL,NULL,'TODO'),('mm-amang','Yohanis Tatunonaung Damping','M',NULL,NULL,'Jakarta',NULL,'om amang\r\nistri 1: henny day\r\nanak:\r\n- felix\r\n- karin\r\n\r\nistri 2: arin\r\nanak:\r\n- yorin',NULL,NULL,NULL),('mm-anton','Johan Antonius Tampi (Anton)','M',NULL,NULL,NULL,'https://www.facebook.com/johanantonius.tampi','istri: tante neng\r\nanak:\r\n- bene (ce)\r\n- geno (co)',NULL,NULL,NULL),('mm-arif','Arif','M',NULL,NULL,NULL,NULL,'anak tante lala - om mul',NULL,NULL,NULL),('mm-arin','Arin (istri amang)','F',NULL,NULL,NULL,'https://www.facebook.com/rirint.rirint.31','istri om amang ke 2',NULL,NULL,NULL),('mm-asti','Asti','F',NULL,NULL,NULL,NULL,NULL,NULL,NULL,'TODO'),('mm-bene','Bene Laura','F',NULL,NULL,NULL,'https://web.facebook.com/profile.php?id=1282850445','bene anak anton-ning',NULL,NULL,NULL),('mm-benny','Benny Timorason','M',NULL,NULL,NULL,'https://www.facebook.com/bnytim',NULL,NULL,NULL,NULL),('mm-bernard','Bernard (lina)','M',NULL,NULL,NULL,'https://web.facebook.com/berny.kosalouw.3','fb 2: https://web.facebook.com/Berny1312',NULL,NULL,NULL),('mm-bram','Bram (anak iman)','M',NULL,NULL,NULL,NULL,NULL,NULL,NULL,NULL),('mm-caca','Helena Elsawanti Damping (Caca)','F',NULL,NULL,NULL,'https://web.facebook.com/caca.damping','panggilan: caca\r\n\r\nfb 2: https://www.facebook.com/elsawanti.damping',NULL,NULL,NULL),('mm-cali','Charles Damping','M',NULL,NULL,NULL,'https://web.facebook.com/dampingche','om Cali',NULL,NULL,NULL),('mm-christian','Christian','M',NULL,NULL,NULL,NULL,'Christian - xx (cerai)\r\n		Hizkia',NULL,NULL,NULL),('mm-clara','Clara Lentjimina Damping','F',NULL,NULL,NULL,NULL,NULL,NULL,NULL,NULL),('mm-clara-h1','Jacob Tampi','M',NULL,NULL,NULL,NULL,'Suami tante Clara, org Palu, fam Tampi',NULL,NULL,NULL),('mm-dadi','Daddy Pasidwiyanto Mertoprawiro','M','1972-12-01',NULL,NULL,'https://web.facebook.com/dpasidwiyanto.mertoprawiro','Mas Dadi','2018-01-27',NULL,'[Depok?]'),('mm-dadi-angel','Angelica Dyandra Mertoprawiro','F',NULL,NULL,NULL,'https://www.facebook.com/profile.php?id=100036652641729','anak mas dadi-rinpok',NULL,NULL,NULL),('mm-dadi-bagas','Bagas Haryodananto Mertoprawiro','M',NULL,NULL,NULL,'https://www.facebook.com/bagasharyodananto.bagasharyodananto','anak mas dadi',NULL,NULL,NULL),('mm-dadi-randy','Randy Septian Mertoprawiro','M',NULL,NULL,NULL,'https://www.facebook.com/randy.septian.3192','anak mas dadi-rinpok',NULL,NULL,NULL),('mm-daha','Om Daha','M',NULL,NULL,NULL,NULL,'suami tante emi',NULL,NULL,NULL),('mm-dani','Danny Adrianto Mertoprawiro','M',NULL,NULL,NULL,'https://web.facebook.com/danny.a.m.94','Mas Dani',NULL,NULL,NULL),('mm-dani-haykel','Haykel Mertoprawiro','M',NULL,NULL,NULL,'https://www.facebook.com/haykel.mertoprawiro','anak mas dani-rina slamet',NULL,NULL,NULL),('mm-dani-nadya','Nadya Sofiani','F',NULL,NULL,NULL,'https://www.facebook.com/nadya.sofiani','anak mas dani-rina slamet',NULL,NULL,NULL),('mm-david','David Dwi Krisna','M',NULL,NULL,NULL,NULL,'David Dwi Krisna - US - Caroline\r\n		Dillan',NULL,NULL,NULL),('mm-desiana','Desyana Subhandianti','F',NULL,NULL,NULL,'https://www.facebook.com/desyana.subhandianti','Desiana - Steven Bogor\r\n		<beelum ada>\r\n\r\nsteven: https://www.facebook.com/steven.adiputra.58 ?',NULL,NULL,NULL),('mm-dhani','Dhani','M',NULL,NULL,NULL,NULL,'Dhani - Eri Tangerang\r\n		Zizi (panggilan)\r\n		cewe - tangerang',NULL,NULL,NULL),('mm-eli','Eliezer Johan Damping','M','1922-05-31',NULL,NULL,NULL,'tinggal di purwakarta\r\nmantri/perawat di rumah sakit di pwk','1982-10-12',NULL,NULL),('mm-emi','Tante Emi','F',NULL,NULL,NULL,NULL,'tante emi',NULL,NULL,NULL),('mm-emi-mm','Mamanya tante emi','F',NULL,NULL,NULL,NULL,'mamanya tante emi',NULL,NULL,NULL),('mm-emi-pp','Papa tante emi','M',NULL,NULL,NULL,NULL,'papanya tante emi',NULL,NULL,NULL),('mm-enci','Lenci Mina Elizabeth','F',NULL,NULL,'Denpasar',NULL,NULL,NULL,NULL,'TODO'),('mm-eson','Gerson Damping','M',NULL,NULL,NULL,'',NULL,NULL,NULL,NULL),('mm-eson-w1','Istri om eson','F',NULL,NULL,NULL,'','org sangir, di balikpapan',NULL,NULL,NULL),('mm-esti','Esti Damping','F',NULL,NULL,NULL,'https://www.facebook.com/esti.damping','kawin sama org padang',NULL,NULL,NULL),('mm-estri','Estria (arif)','F',NULL,NULL,NULL,'https://web.facebook.com/estria.arief','istri arif',NULL,NULL,NULL),('mm-evert','Evert De Jong','M',NULL,NULL,NULL,NULL,NULL,NULL,NULL,NULL),('mm-felix','Felix (anak amang)','M',NULL,NULL,NULL,NULL,NULL,NULL,NULL,NULL),('mm-gatot','Gatot Sutoyo','M',NULL,NULL,NULL,NULL,NULL,NULL,NULL,'TODO'),('mm-geno','Genno','M',NULL,NULL,NULL,'https://web.facebook.com/genno.renz','geno anak anton-ning',NULL,NULL,NULL),('mm-gerald','Gerald (Anak Om Charles)','M',NULL,NULL,NULL,NULL,NULL,NULL,NULL,NULL),('mm-gustav','Gustav Damping','M',NULL,NULL,NULL,NULL,NULL,NULL,NULL,'TODO'),('mm-henny','Henny Day','F',NULL,NULL,NULL,NULL,'tante henny\r\nistri ke-1 om amang (cerai pisah)\r\nanak: felix, karin',NULL,NULL,NULL),('mm-ida','Mathilda Iriani','F',NULL,NULL,'Jakarta','https://web.facebook.com/ida.iriyani.3','suami: om indra\r\nanak:\r\n- rama\r\n- rima\r\n- raka',NULL,NULL,NULL),('mm-ike','Geeske Damping (Ike)','F',NULL,NULL,NULL,NULL,'panggilan: ike',NULL,NULL,NULL),('mm-iman','Immanuel Damping','M',NULL,NULL,'Jakarta',NULL,'om iman\r\nistri: tante itun\r\nanak:\r\n- bram',NULL,NULL,'Jakarta'),('mm-indra','Indra Pratama','M',NULL,NULL,NULL,'https://web.facebook.com/indra.pratama.794628','om indra',NULL,NULL,NULL),('mm-itun','Itun Minarti (Itun)','F',NULL,NULL,NULL,'https://www.facebook.com/itun.minarti.5','istri om iman',NULL,NULL,NULL),('mm-jan','Jan Terlouw','M',NULL,NULL,NULL,'https://web.facebook.com/jan.terlouw.5',NULL,NULL,NULL,NULL),('mm-jerry','Jerry (lina)','M',NULL,NULL,NULL,'https://web.facebook.com/Jerry.de.Jong',NULL,NULL,NULL,NULL),('mm-joni','Joni','M',NULL,NULL,NULL,'',NULL,NULL,NULL,NULL),('mm-karin','Karin (anak amang)','F',NULL,NULL,NULL,NULL,NULL,NULL,NULL,NULL),('mm-karra','Karra Setiawan','M',NULL,NULL,NULL,'https://www.facebook.com/karra.setiawan','suami neno',NULL,NULL,NULL),('mm-kosalouw','Kosalouw (lina)','M',NULL,NULL,NULL,NULL,'suami 1 tante lina',NULL,NULL,NULL),('mm-kristian','Kristian Dwi Cahyo','M',NULL,NULL,NULL,'https://web.facebook.com/kristian.dwicahyo.5','anak ke 2 tanti-tanto',NULL,NULL,NULL),('mm-lala','Blandina Sulastri','F',NULL,NULL,'Makasar',NULL,'tante lala\r\nsuami: om mul\r\nanak:\r\n- ria\r\n- arif',NULL,NULL,'Jakarta'),('mm-lina','Herlina Astuti','F',NULL,'x-08-x','Jakarta','https://web.facebook.com/livela.dejongdamping','tante lina\r\nsuami 1: kosalouw\r\nanak:\r\n- bernard\r\n- siska\r\nsuami 2: om evert\r\n- jerry',NULL,NULL,NULL),('mm-marice','Marice','F',NULL,NULL,NULL,'https://web.facebook.com/marice.damping','istri om cali',NULL,NULL,NULL),('mm-meiriza','Meiriza Prasanthi','F',NULL,NULL,NULL,'https://www.facebook.com/meiriza.prasanthi','Meiriza - Aris - Bogor\r\n		<blm ada>',NULL,NULL,NULL),('mm-meiyanti','Meiyanti Elwastini Damping (Tini)','F',NULL,NULL,NULL,NULL,'panggilan: Tini\r\nmeiniggal: 2011',NULL,NULL,'TODO'),('mm-meti','Meiyati Lingkuendage','F',NULL,NULL,'Jakarta',NULL,'tante meti\r\nsuami: om yance\r\nanak:\r\n- neno',NULL,NULL,'TODO'),('mm-mm-opa','Mamanya August Damping','M',NULL,NULL,NULL,NULL,NULL,NULL,NULL,'TODO'),('mm-mona','Mona','F',NULL,NULL,NULL,NULL,'anak t emi',NULL,NULL,NULL),('mm-mono','Sudharmono','M',NULL,NULL,NULL,NULL,NULL,NULL,NULL,'TODO'),('mm-mul','Mulyadi','M',NULL,NULL,NULL,NULL,'om mul',NULL,NULL,NULL),('mm-nai','Aprilowati Damping','F','1966-04-27',NULL,'Jakarta','https://web.facebook.com/april.terlouwdamping','tante nai\r\nsuami: om jan\r\nanak:\r\n- adinda',NULL,NULL,NULL),('mm-nasril','Nasril','M',NULL,NULL,NULL,NULL,NULL,NULL,NULL,NULL),('mm-neno','Retno Angela','F',NULL,NULL,NULL,'https://web.facebook.com/enno.angela','anak tante meti\r\nanak angkat tante pina',NULL,NULL,NULL),('mm-ning','Ningrum Suparmin','F',NULL,NULL,NULL,'https://web.facebook.com/ningrum.suparmin',NULL,NULL,NULL,NULL),('mm-nita','Meinita Damping','F',NULL,NULL,NULL,'https://web.facebook.com/meinita.damping','Meinita - Wungo JKT\r\n		Mindaha\r\n		co lupa\r\n		ce lupa\r\n\r\npendeta gpib',NULL,NULL,NULL),('mm-nona','Nona','F',NULL,NULL,'Gorontalo',NULL,NULL,NULL,NULL,'TODO'),('mm-nopsi','Nopsianus Damping (Nopsi)','M',NULL,NULL,NULL,'https://www.facebook.com/NmaxD','istri: rita\r\n\r\nrita: https://www.facebook.com/nancyrita.samaliwudamping',NULL,NULL,'TODO'),('mm-novandi','Novandi Prahardian','M',NULL,NULL,NULL,'https://www.facebook.com/nprahardian','Novandi Prahardian - Tasya - Berau, kalimantan\r\n		<blm ada>',NULL,NULL,NULL),('mm-ola','Ola','F',NULL,NULL,NULL,NULL,'Ola - Soni (cek) - Padang\r\n		Sabay\r\n\r\nFB: https://www.facebook.com/ola.nasir.9 ?',NULL,NULL,NULL),('mm-opa-uyut','Yunus Day','M',NULL,NULL,NULL,NULL,'opa uyut',NULL,NULL,'TODO'),('mm-pilus','Om Pilus','M',NULL,NULL,NULL,NULL,NULL,NULL,NULL,NULL),('mm-pina','Sofina Damping','F','1950-09-01',NULL,'Ambon',NULL,'nick: tante pina\r\nsuami: sugiarto (om ako)\r\nanak:\r\n- dani\r\n- dadi\r\n- tanti','2022-11-27',NULL,'Jakarta'),('mm-pp-opa','Papanya August Damping','M',NULL,NULL,NULL,NULL,NULL,NULL,NULL,'TODO'),('mm-raka','Muhammad Rakha Rifandi Putra','M','2000-07-04',NULL,NULL,'https://www.facebook.com/MuhammadRakhaAttack','raka\r\nanak ida-indra\r\nmeninggal di RS Hermina Bekasi\r\nsakit Meningitis','2023-04-26',NULL,'Bekasi'),('mm-rama','Ramadani Putra','M',NULL,NULL,NULL,'https://web.facebook.com/ratmadiwirya','rama\r\nanak ida-indra',NULL,NULL,NULL),('mm-ria','Novria Kurniawati','F',NULL,NULL,NULL,NULL,'Ria - anak tante lala - om mul',NULL,NULL,NULL),('mm-ridho','Ridho Agustiono','M',NULL,NULL,NULL,NULL,'Ridho Agustiono (alm) - Winda\r\n		Yosua\r\n		Jordan\r\n		Jericho (Ciko)\r\n\r\n		ridho: https://www.facebook.com/ido.cool ?\r\n		winda: https://www.facebook.com/windarini.yuniar ??',NULL,NULL,'TODO'),('mm-rima','Rimadiani Putri','F',NULL,NULL,NULL,'https://web.facebook.com/rimadianidp','rima\r\nanak ida-indra',NULL,NULL,NULL),('mm-rina','Rina Slamet','F',NULL,NULL,NULL,'https://web.facebook.com/reena.slamet','istri mas dani',NULL,NULL,NULL),('mm-rinpok','Katharina Damayanti','F',NULL,NULL,NULL,'https://www.facebook.com/katharina.damayanti','rina depok istri mas dadi',NULL,NULL,NULL),('mm-ronald','Ronald','M',NULL,NULL,NULL,NULL,'Ronald - Susan SBY\r\n		ce \r\n		co - geri',NULL,NULL,NULL),('mm-roni','Heronimus Damping (Roni)','M',NULL,NULL,NULL,NULL,NULL,NULL,NULL,'TODO'),('mm-ros','Rosiana Tampi (Ros)','F',NULL,NULL,NULL,NULL,'suami cina\r\nanak 2 laki2\r\n\r\nRosiana - Eka Setiakasih\r\n   - Erick\r\n   - Peter',NULL,NULL,NULL),('mm-ryan','Ryan Prasandhi','M',NULL,NULL,NULL,'https://www.facebook.com/ry.prasandhi','Ryan Prasandhi - Yuli Bandung\r\n		Samuel',NULL,NULL,NULL),('mm-sevi','Bambang Sevianus (Sevi)','M',NULL,NULL,NULL,'https://www.facebook.com/bambang.timorason',NULL,NULL,NULL,NULL),('mm-shinta','Shinta Diniaty','F',NULL,NULL,NULL,NULL,'anak t tini\r\n\r\nShinta - Andar bekasi\r\n		blm ada',NULL,NULL,NULL),('mm-silas','Silas Damping','M',NULL,NULL,NULL,'',NULL,NULL,NULL,NULL),('mm-silvi','Silvi Restu','F',NULL,NULL,NULL,NULL,'Silvi Restu - Lalan  PWK\r\n		Keynara ce\r\n		Keyva ce',NULL,NULL,NULL),('mm-sisca','Siska (lina)','M',NULL,NULL,NULL,'https://web.facebook.com/humphrysiska.thieskykosalouw','Novianita ??',NULL,NULL,NULL),('mm-sisi','Sisi (Anak Om Charles)','F',NULL,NULL,NULL,NULL,'Sisi (panggilan) - Dicky Pangkey https://www.facebook.com/dicky.pangkey.7\r\n			<blm>',NULL,NULL,NULL),('mm-tanti','Tanti Prasianti Mertoprawiro','F',NULL,NULL,NULL,'https://web.facebook.com/tanti.prasianti','Mbak tanti',NULL,NULL,NULL),('mm-tanto','Stevanus Firmanto','M',NULL,NULL,NULL,'https://web.facebook.com/stevanus.firmanto','tanto (istri tanti)',NULL,NULL,NULL),('mm-tince','Christina Tampi','F',NULL,NULL,NULL,'https://web.facebook.com/christina.tampi','tince, tinggal di USA, janda dengan suami di USA',NULL,NULL,NULL),('mm-tini-sm','Lukman','M',NULL,NULL,NULL,NULL,'suami tante tini (cerai)',NULL,NULL,NULL),('mm-tuti','Tuti (Istri Roni Damping)','M',NULL,NULL,NULL,NULL,NULL,NULL,NULL,'TODO'),('mm-tya','Tia','F',NULL,NULL,NULL,NULL,'Tya - Fajri - Batam\r\n		Zizi (queency)\r\n\r\nFB: https://www.facebook.com/tia.nasir.9 ?',NULL,NULL,NULL),('mm-uyut','Helena Djiun','F',NULL,NULL,NULL,NULL,'Uyut',NULL,NULL,'Jakarta'),('mm-wasti','Soewasti Djaikin (Wasti)','F','1922-12-30',NULL,NULL,NULL,NULL,'2015-03-16',NULL,NULL),('mm-yance','Yance Damping','M',NULL,NULL,NULL,NULL,'om yance (meti)',NULL,NULL,NULL),('mm-yorin','Yorin Imanuela','F',NULL,NULL,NULL,'https://web.facebook.com/yorin.imanuela.5','anak amang-arin',NULL,NULL,NULL),('mm-yuanti','Yuanti Septiandini','F',NULL,NULL,NULL,'https://www.facebook.com/profile.php?id=1535016203',NULL,NULL,NULL,NULL),('mm-yuli','Yuli','F',NULL,'','[Jakarta]','','',NULL,NULL,NULL),('mm-yuyun','Juniar Damping (Yuyun)','F',NULL,NULL,NULL,'https://web.facebook.com/jun.ed.144','panggilan: yuyun',NULL,NULL,NULL),('oma-mm','Sarah Day','F',NULL,'x-08-25','[Merak]',NULL,NULL,NULL,NULL,'TODO'),('oma-pp','Wandeaga Lagasi','F',NULL,NULL,NULL,NULL,NULL,NULL,NULL,'TODO'),('opa-mm','August Herman Damping','M',NULL,'x-08-17','Tobelo',NULL,NULL,NULL,NULL,'TODO'),('opa-pp','Manensa Lapoliwa','M',NULL,NULL,'[Bahono]',NULL,NULL,NULL,NULL,'TODO'),('pp','Saminasa Lapoliwa','M','1944-04-03',NULL,'Uluanso','https://web.facebook.com/sam.lapoliwa.9','Wartawan: Harian Kami\r\nPNS: Itwilko Jakarta Pusat\r\nS1: Universitas Terbuka, Administrasi Negara\r\nmeninggal: RSCM, 17:21 WIB, Kanker Hati-Sirosis\r\nTPU Kalimulya 3 Depok','2023-01-21',NULL,'Jakarta'),('pp-ade','Ade Lapoliwa','F',NULL,NULL,NULL,'https://www.facebook.com/ade.lapoliwa.3','tante ade\r\nsuami: om xxx (lupa)\r\nanak:\r\n- adi\r\n- ari',NULL,NULL,NULL),('pp-andika','Andika','M',NULL,NULL,NULL,'https://www.facebook.com/andika.peter','andika anak k nita',NULL,NULL,NULL),('pp-bawo','Yani Ladou (Bawo)','F',NULL,NULL,NULL,'https://www.facebook.com/yani.ladou','bawo\r\nsuami: https://www.facebook.com/alvindo.manik',NULL,NULL,NULL),('pp-bude-mar','Bude Mar','F',NULL,NULL,NULL,NULL,'Bude Mar',NULL,NULL,NULL),('pp-bude-narumi','Bude Narumi','F',NULL,NULL,NULL,NULL,'bude narumi',NULL,NULL,'Jakarta'),('pp-budi','Budi (suami nita)','M',NULL,NULL,NULL,NULL,'suami kak nita',NULL,NULL,NULL),('pp-frans','Om Frans Lapoliwa','M',NULL,NULL,NULL,'https://www.facebook.com/frans.lapoliwa.3/','om frans',NULL,NULL,NULL),('pp-hans','Hans Lapoliwa','M',NULL,NULL,NULL,NULL,'Om Hans',NULL,NULL,'Jakarta'),('pp-joi','Yonathan Ladou','M',NULL,NULL,NULL,'https://www.facebook.com/yonathan.ladou','Joi Ladou\r\nistri: https://www.facebook.com/patricia.warouw ?? RIP ??',NULL,NULL,NULL),('pp-laudi','Laudri Lapoliwa','M',NULL,NULL,NULL,'https://www.facebook.com/laudri.lapoliwa','Laudi',NULL,NULL,NULL),('pp-laudi-istri','Sylvia Dhamayanti','F',NULL,NULL,NULL,'https://www.facebook.com/sylvia.dhamayanti','istri laudi',NULL,NULL,NULL),('pp-lynette','Lynette Lavianti Lapoliwa','F',NULL,NULL,NULL,NULL,'anak laudi',NULL,NULL,NULL),('pp-maga','Lamaga Lapoliwa','M','1941-09-07',NULL,'Uluanso',NULL,'- meninggal di RS\r\n- terakhir yg meninggal dari bersaudara, setelah papa','2023-04-12',NULL,'Kolonedale'),('pp-maga-agus','Agustinus Lapoliwa','M',NULL,NULL,NULL,NULL,'nikah dgn marga Tosadu\r\nanak: 2\r\nrumah: Kolonedale',NULL,NULL,NULL),('pp-maga-istri','Aulin Dompe','F',NULL,NULL,NULL,NULL,'istri om maga\r\n- menikah: Raha, 20 Juli 1974',NULL,NULL,NULL),('pp-maga-ros','Rosalin Lapoliwa','F',NULL,NULL,NULL,'https://www.facebook.com/profile.php?id=100007507187117','nikah dgn marga Lagonda\r\nanak: 4\r\nrumah: Lemboroma',NULL,NULL,NULL),('pp-maga-sefri','Sefrianto Lapoliwa','M',NULL,NULL,NULL,NULL,'kawin dgn marga Dala\r\nanak 5\r\ndomisili Raha, Sultra',NULL,NULL,NULL),('pp-maga-sil','Silvana Lapoliwa','F',NULL,NULL,NULL,NULL,'Kak Sil\r\n- masuk islam\r\n- nikah dgn kelg Amir\r\n- anak: 1\r\n- Makassar, Sulsel',NULL,NULL,NULL),('pp-maga-tuti','Ester Rahastuti Lapoliwa','F',NULL,NULL,NULL,'https://www.facebook.com/ester.lapoliwa','- Kak Tuti\r\n- kawin dgn Botilangi\r\n- anak 4\r\n- domisili: Tentena',NULL,NULL,NULL),('pp-maga-yerson','Yerson Lapoliwa','M',NULL,NULL,NULL,NULL,NULL,NULL,NULL,NULL),('pp-marten','Marthen Latarima Lapoliwa','M','1927-06-26',NULL,'Uluanso',NULL,'om kayu hitam',NULL,NULL,'TODO'),('pp-narumi','Narumi Lapoliwa','M',NULL,NULL,NULL,NULL,'om narumi',NULL,NULL,NULL),('pp-natan','Nathanael Ladou','M',NULL,NULL,NULL,'https://www.facebook.com/Nathanael.Ladou','natan ladou\r\nistri: https://www.facebook.com/eliajani.octavia',NULL,NULL,NULL),('pp-nina','Lanina Lapoliwa','F',NULL,NULL,NULL,'https://www.facebook.com/lanina.adsl','ka nina',NULL,NULL,NULL),('pp-nita','Lanita Lapoliwa','F',NULL,NULL,NULL,NULL,NULL,NULL,NULL,NULL),('pp-noni','Yani Maria','F',NULL,NULL,NULL,'https://www.facebook.com/yani.maria.1428','tante noni\r\nfb 2: https://www.facebook.com/yani.lapoliwa',NULL,NULL,NULL),('pp-rinus','Rinus Sinjal','M',NULL,NULL,NULL,'https://www.facebook.com/rinus.sinjal','suami k nina',NULL,NULL,NULL),('pp-seti','Seti Lapoliwa','M','1928-11-14',NULL,'Uluanso',NULL,NULL,NULL,NULL,'TODO'),('pp-siman','Om Siman Ladou','M',NULL,NULL,NULL,NULL,'- Disemayamkan di RS. xxx Slipi',NULL,NULL,'Jakarta'),('pp-suing','Suing Lapoliwa','F',NULL,NULL,NULL,'https://www.facebook.com/suing.lapoliwa','suami: obosan\r\nanak: \r\n- angela, dkk',NULL,NULL,NULL),('pp-suni','Suni Yestin Kolubo Lapoliwa','F',NULL,NULL,NULL,'https://www.facebook.com/suni.kolubolapoliwa','suami: diman - https://www.facebook.com/sudiman.aan\r\nanak: 1',NULL,NULL,NULL),('pp-tati','Tati Subaryati','F',NULL,NULL,NULL,NULL,'Tante Tati\r\n- Meninggal di rumah\r\n- Disemayamkan di rumah duka RS Fatmawati\r\n- TPU Kampung Kandang Ciganjur','2023-05-13',NULL,'Jakarta'),('pp-tumi','Tumira Lapoliwa','M','1948-12-05',NULL,'Uluanso',NULL,NULL,NULL,NULL,'TODO'),('pp-uranili','Uranili Lapoliwa','F','1932-08-21',NULL,'Uluanso',NULL,NULL,NULL,NULL,'TODO'),('pp-welu','Welumina Lapoliwa','F','1938-07-08',NULL,'Uluanso',NULL,NULL,NULL,NULL,'TODO'),('pp-wenapi','Wenapi Lapoliwa','F','1935-12-01',NULL,'Uluanso',NULL,'nikah dengan Tjhin Kwe Kwek\r\nanak: suing dkk',NULL,NULL,'TODO'),('pp-yardi','Yardi Ladou','M',NULL,NULL,NULL,'https://www.facebook.com/profile.php?id=100000078522560','keli/teli ?\r\nistri: https://www.facebook.com/rinrin.herlina.144 ??',NULL,NULL,NULL),('rahel','Rachel Revalia','F','2007-09-05',NULL,'Tangerang',NULL,NULL,NULL,NULL,NULL),('ruth','Ruth Christina Marilyn Lapoliwa','F','1981-03-29',NULL,'Jakarta','https://web.facebook.com/profile.php?id=100011042533498',NULL,NULL,NULL,NULL),('test','test2','M',NULL,'1979-12-x','Bandung','','catatan',NULL,NULL,NULL),('vio','Viorell Shaquille Oscar (Vio)','M','2007-11-24',NULL,NULL,NULL,NULL,NULL,NULL,NULL);
/*!40000 ALTER TABLE `person` ENABLE KEYS */;
UNLOCK TABLES;
/*!40103 SET TIME_ZONE=@OLD_TIME_ZONE */;

/*!40101 SET SQL_MODE=@OLD_SQL_MODE */;
/*!40014 SET FOREIGN_KEY_CHECKS=@OLD_FOREIGN_KEY_CHECKS */;
/*!40014 SET UNIQUE_CHECKS=@OLD_UNIQUE_CHECKS */;
/*!40101 SET CHARACTER_SET_CLIENT=@OLD_CHARACTER_SET_CLIENT */;
/*!40101 SET CHARACTER_SET_RESULTS=@OLD_CHARACTER_SET_RESULTS */;
/*!40101 SET COLLATION_CONNECTION=@OLD_COLLATION_CONNECTION */;
/*!40111 SET SQL_NOTES=@OLD_SQL_NOTES */;

-- Dump completed on 2023-06-02  2:45:07
